"ID";"Intervals";"ReadsNr";"Treatment"
"MPIPSYKL_000637";460;195570;"veh"
"MPIPSYKL_002418";354;149605;"veh"
"MPIPSYKL_003787";1955;321688;"dex"
"MPIPSYKL_001701";9725;585215;"veh"
"MPIPSYKL_003231";236;110044;"veh"
"MPIPSYKL_004171";2699;446236;"dex"
"MPIPSYKL_002604";1290;225727;"dex"
"MPIPSYKL_004054";2302;349012;"dex"
"MPIPSYKL_001263";413;108051;"veh"
"MPIPSYKL_001786";977;119807;"veh"
"MPIPSYKL_001946";771;158362;"veh"
"MPIPSYKL_001113";204;99360;"dex"
"MPIPSYKL_000972";581;156733;"veh"
"MPIPSYKL_004100";19759;2305657;"dex"
"MPIPSYKL_003331";3347;405512;"veh"
"MPIPSYKL_003520";192;123758;"veh"
"MPIPSYKL_000988";1493;287797;"veh"
"MPIPSYKL_004171";346;196668;"veh"
"MPIPSYKL_003331";1706;213880;"dex"
"MPIPSYKL_001766";136;100498;"veh"
"MPIPSYKL_003520";2950;324957;"dex"
"MPIPSYKL_004215";2356;330208;"dex"
"MPIPSYKL_001946";17256;2378107;"dex"
"MPIPSYKL_003353";3097;419900;"veh"
"MPIPSYKL_002319";496;227213;"veh"
"MPIPSYKL_001109";2130;294104;"veh"
"MPIPSYKL_004251";410;134943;"veh"
"MPIPSYKL_000708";760;104095;"veh"
"MPIPSYKL_004251";563;149031;"dex"
"MPIPSYKL_002802";1617;214658;"dex"
"MPIPSYKL_002095";237;131742;"veh"
"MPIPSYKL_003162";787;157214;"dex"
"MPIPSYKL_002468";247;153335;"veh"
"MPIPSYKL_002658";4977;696280;"dex"
"MPIPSYKL_003472";195;107402;"veh"
"MPIPSYKL_004054";3423;495016;"veh"
"MPIPSYKL_002613";875;234923;"dex"
"MPIPSYKL_003231";2073;231395;"dex"
"MPIPSYKL_002533";1120;291194;"dex"
"MPIPSYKL_002802";838;157570;"veh"
"MPIPSYKL_003934";259;116570;"veh"
"MPIPSYKL_002418";708;218993;"dex"
"MPIPSYKL_001109";620;164038;"dex"
"MPIPSYKL_001786";858;199865;"dex"
"MPIPSYKL_003934";7158;767788;"dex"
"MPIPSYKL_002383";492;121816;"veh"
"MPIPSYKL_004215";400;126519;"veh"
"MPIPSYKL_004246";1145;268094;"dex"
"MPIPSYKL_001113";242;128839;"veh"
"MPIPSYKL_001547";253;80894;"dex"
"MPIPSYKL_001667";190;118127;"veh"
"MPIPSYKL_000637";1141;276358;"dex"
"MPIPSYKL_001386";785;163591;"dex"
"MPIPSYKL_002468";1601;243411;"dex"
"MPIPSYKL_002088";4266;406917;"dex"
"MPIPSYKL_003013";2791;304096;"veh"
"MPIPSYKL_000972";3099;308558;"dex"
"MPIPSYKL_001048";3022;268078;"veh"
"MPIPSYKL_001389";635;198572;"veh"
"MPIPSYKL_003785";9905;840474;"dex"
"MPIPSYKL_003155";922;144052;"veh"
"MPIPSYKL_001886";2438;274574;"veh"
"MPIPSYKL_003787";178;115328;"veh"
"MPIPSYKL_004246";579;229013;"veh"
"MPIPSYKL_002852";365;135293;"veh"
"MPIPSYKL_002613";4060;532785;"veh"
"MPIPSYKL_001389";2622;381864;"dex"
"MPIPSYKL_003155";1290;210796;"dex"
"MPIPSYKL_000708";1956;258678;"dex"
"MPIPSYKL_003911";246;91693;"veh"
"MPIPSYKL_001886";5353;487938;"dex"
"MPIPSYKL_003013";1467;176027;"dex"
"MPIPSYKL_002604";205;109633;"veh"
"MPIPSYKL_002533";302;131508;"veh"
"MPIPSYKL_001547";142;106359;"veh"
"MPIPSYKL_000988";4918;472240;"dex"
"MPIPSYKL_004100";598;230334;"veh"
"MPIPSYKL_003472";375;116290;"dex"
"MPIPSYKL_001386";235;137737;"veh"
"MPIPSYKL_003911";470;111422;"dex"
"MPIPSYKL_003162";219;133755;"veh"
"MPIPSYKL_001701";3480;247301;"dex"
"MPIPSYKL_002383";836;181158;"dex"
"MPIPSYKL_002658";181;94690;"veh"
"MPIPSYKL_001766";11025;765106;"dex"
"MPIPSYKL_002852";8121;1238039;"dex"
"MPIPSYKL_001263";2089;289572;"dex"
"MPIPSYKL_004198";181;90110;"veh"
"MPIPSYKL_003353";11524;1060529;"dex"
"MPIPSYKL_001667";5503;357946;"dex"
"MPIPSYKL_002319";831;186198;"dex"
"MPIPSYKL_003785";6017;517414;"veh"
"MPIPSYKL_001048";2068;251016;"dex"
"MPIPSYKL_002095";19071;1722684;"dex"
"MPIPSYKL_002088";3154;286926;"veh"
