./mpg_L18015_7C_veh_S26_peaks.narrowPeak.filt.gz;/mpg_L18015_7C_veh_S26_peaks.narrowPeak.filt.gz;/ngs/HiSeq_Berlin/20190924_Signe_PGoeke_ChIPseq/06_MASC2_callpeak/mpg_L18015_7C_veh_S26_peaks.narrowPeak.filt.gz;7C_veh_;7C;veh;/ngs/HiSeq_Berlin/20190924_Signe_PGoeke_ChIPseq/07_filter_CNV/mpg_L18015_7C_veh_S26.cutadapt.sorted.filtered.rmDups.noCNV.bam
./mpg_L18015_14D_veh_S33_peaks.narrowPeak.filt.gz;/mpg_L18015_14D_veh_S33_peaks.narrowPeak.filt.gz;/ngs/HiSeq_Berlin/20190924_Signe_PGoeke_ChIPseq/06_MASC2_callpeak/mpg_L18015_14D_veh_S33_peaks.narrowPeak.filt.gz;14D_veh;14D;veh;/ngs/HiSeq_Berlin/20190924_Signe_PGoeke_ChIPseq/07_filter_CNV/mpg_L18015_14D_veh_S33.cutadapt.sorted.filtered.rmDups.noCNV.bam
./mpg_L18015_15B_dex_S72_peaks.narrowPeak.filt.gz;/mpg_L18015_15B_dex_S72_peaks.narrowPeak.filt.gz;/ngs/HiSeq_Berlin/20190924_Signe_PGoeke_ChIPseq/06_MASC2_callpeak/mpg_L18015_15B_dex_S72_peaks.narrowPeak.filt.gz;15B_dex;15B;dex;/ngs/HiSeq_Berlin/20190924_Signe_PGoeke_ChIPseq/07_filter_CNV/mpg_L18015_15B_dex_S72.cutadapt.sorted.filtered.rmDups.noCNV.bam
./mpg_L18015_14B_veh_S60_peaks.narrowPeak.filt.gz;/mpg_L18015_14B_veh_S60_peaks.narrowPeak.filt.gz;/ngs/HiSeq_Berlin/20190924_Signe_PGoeke_ChIPseq/06_MASC2_callpeak/mpg_L18015_14B_veh_S60_peaks.narrowPeak.filt.gz;14B_veh;14B;veh;/ngs/HiSeq_Berlin/20190924_Signe_PGoeke_ChIPseq/07_filter_CNV/mpg_L18015_14B_veh_S60.cutadapt.sorted.filtered.rmDups.noCNV.bam
./mpg_L18015_18D_veh_S62_peaks.narrowPeak.filt.gz;/mpg_L18015_18D_veh_S62_peaks.narrowPeak.filt.gz;/ngs/HiSeq_Berlin/20190924_Signe_PGoeke_ChIPseq/06_MASC2_callpeak/mpg_L18015_18D_veh_S62_peaks.narrowPeak.filt.gz;18D_veh;18D;veh;/ngs/HiSeq_Berlin/20190924_Signe_PGoeke_ChIPseq/07_filter_CNV/mpg_L18015_18D_veh_S62.cutadapt.sorted.filtered.rmDups.noCNV.bam
./mpg_L18015_13D_dex_S74_peaks.narrowPeak.filt.gz;/mpg_L18015_13D_dex_S74_peaks.narrowPeak.filt.gz;/ngs/HiSeq_Berlin/20190924_Signe_PGoeke_ChIPseq/06_MASC2_callpeak/mpg_L18015_13D_dex_S74_peaks.narrowPeak.filt.gz;13D_dex;13D;dex;/ngs/HiSeq_Berlin/20190924_Signe_PGoeke_ChIPseq/07_filter_CNV/mpg_L18015_13D_dex_S74.cutadapt.sorted.filtered.rmDups.noCNV.bam
./mpg_L18015_2D_dex_S73_peaks.narrowPeak.filt.gz;/mpg_L18015_2D_dex_S73_peaks.narrowPeak.filt.gz;/ngs/HiSeq_Berlin/20190924_Signe_PGoeke_ChIPseq/06_MASC2_callpeak/mpg_L18015_2D_dex_S73_peaks.narrowPeak.filt.gz;2D_dex_;2D;dex;/ngs/HiSeq_Berlin/20190924_Signe_PGoeke_ChIPseq/07_filter_CNV/mpg_L18015_2D_dex_S73.cutadapt.sorted.filtered.rmDups.noCNV.bam
./mpg_L18015_12A_dex_S63_peaks.narrowPeak.filt.gz;/mpg_L18015_12A_dex_S63_peaks.narrowPeak.filt.gz;/ngs/HiSeq_Berlin/20190924_Signe_PGoeke_ChIPseq/06_MASC2_callpeak/mpg_L18015_12A_dex_S63_peaks.narrowPeak.filt.gz;12A_dex;12A;dex;/ngs/HiSeq_Berlin/20190924_Signe_PGoeke_ChIPseq/07_filter_CNV/mpg_L18015_12A_dex_S63.cutadapt.sorted.filtered.rmDups.noCNV.bam
./mpg_L18015_7D_veh_S24_peaks.narrowPeak.filt.gz;/mpg_L18015_7D_veh_S24_peaks.narrowPeak.filt.gz;/ngs/HiSeq_Berlin/20190924_Signe_PGoeke_ChIPseq/06_MASC2_callpeak/mpg_L18015_7D_veh_S24_peaks.narrowPeak.filt.gz;7D_veh_;7D;veh;/ngs/HiSeq_Berlin/20190924_Signe_PGoeke_ChIPseq/07_filter_CNV/mpg_L18015_7D_veh_S24.cutadapt.sorted.filtered.rmDups.noCNV.bam
./mpg_L18015_3A_veh_S38_peaks.narrowPeak.filt.gz;/mpg_L18015_3A_veh_S38_peaks.narrowPeak.filt.gz;/ngs/HiSeq_Berlin/20190924_Signe_PGoeke_ChIPseq/06_MASC2_callpeak/mpg_L18015_3A_veh_S38_peaks.narrowPeak.filt.gz;3A_veh_;3A;veh;/ngs/HiSeq_Berlin/20190924_Signe_PGoeke_ChIPseq/07_filter_CNV/mpg_L18015_3A_veh_S38.cutadapt.sorted.filtered.rmDups.noCNV.bam
./mpg_L18015_17A_veh_S50_peaks.narrowPeak.filt.gz;/mpg_L18015_17A_veh_S50_peaks.narrowPeak.filt.gz;/ngs/HiSeq_Berlin/20190924_Signe_PGoeke_ChIPseq/06_MASC2_callpeak/mpg_L18015_17A_veh_S50_peaks.narrowPeak.filt.gz;17A_veh;17A;veh;/ngs/HiSeq_Berlin/20190924_Signe_PGoeke_ChIPseq/07_filter_CNV/mpg_L18015_17A_veh_S50.cutadapt.sorted.filtered.rmDups.noCNV.bam
./mpg_L18015_13C_dex_S19_peaks.narrowPeak.filt.gz;/mpg_L18015_13C_dex_S19_peaks.narrowPeak.filt.gz;/ngs/HiSeq_Berlin/20190924_Signe_PGoeke_ChIPseq/06_MASC2_callpeak/mpg_L18015_13C_dex_S19_peaks.narrowPeak.filt.gz;13C_dex;13C;dex;/ngs/HiSeq_Berlin/20190924_Signe_PGoeke_ChIPseq/07_filter_CNV/mpg_L18015_13C_dex_S19.cutadapt.sorted.filtered.rmDups.noCNV.bam
./mpg_L18015_9C_veh_S54_peaks.narrowPeak.filt.gz;/mpg_L18015_9C_veh_S54_peaks.narrowPeak.filt.gz;/ngs/HiSeq_Berlin/20190924_Signe_PGoeke_ChIPseq/06_MASC2_callpeak/mpg_L18015_9C_veh_S54_peaks.narrowPeak.filt.gz;9C_veh_;9C;veh;/ngs/HiSeq_Berlin/20190924_Signe_PGoeke_ChIPseq/07_filter_CNV/mpg_L18015_9C_veh_S54.cutadapt.sorted.filtered.rmDups.noCNV.bam
./mpg_L18015_11A_dex_S94_peaks.narrowPeak.filt.gz;/mpg_L18015_11A_dex_S94_peaks.narrowPeak.filt.gz;/ngs/HiSeq_Berlin/20190924_Signe_PGoeke_ChIPseq/06_MASC2_callpeak/mpg_L18015_11A_dex_S94_peaks.narrowPeak.filt.gz;11A_dex;11A;dex;/ngs/HiSeq_Berlin/20190924_Signe_PGoeke_ChIPseq/07_filter_CNV/mpg_L18015_11A_dex_S94.cutadapt.sorted.filtered.rmDups.noCNV.bam
./mpg_L18015_9B_veh_S88_peaks.narrowPeak.filt.gz;/mpg_L18015_9B_veh_S88_peaks.narrowPeak.filt.gz;/ngs/HiSeq_Berlin/20190924_Signe_PGoeke_ChIPseq/06_MASC2_callpeak/mpg_L18015_9B_veh_S88_peaks.narrowPeak.filt.gz;9B_veh_;9B;veh;/ngs/HiSeq_Berlin/20190924_Signe_PGoeke_ChIPseq/07_filter_CNV/mpg_L18015_9B_veh_S88.cutadapt.sorted.filtered.rmDups.noCNV.bam
./mpg_L18015_18B_veh_S16_peaks.narrowPeak.filt.gz;/mpg_L18015_18B_veh_S16_peaks.narrowPeak.filt.gz;/ngs/HiSeq_Berlin/20190924_Signe_PGoeke_ChIPseq/06_MASC2_callpeak/mpg_L18015_18B_veh_S16_peaks.narrowPeak.filt.gz;18B_veh;18B;veh;/ngs/HiSeq_Berlin/20190924_Signe_PGoeke_ChIPseq/07_filter_CNV/mpg_L18015_18B_veh_S16.cutadapt.sorted.filtered.rmDups.noCNV.bam
./mpg_L18015_10C_veh_S87_peaks.narrowPeak.filt.gz;/mpg_L18015_10C_veh_S87_peaks.narrowPeak.filt.gz;/ngs/HiSeq_Berlin/20190924_Signe_PGoeke_ChIPseq/06_MASC2_callpeak/mpg_L18015_10C_veh_S87_peaks.narrowPeak.filt.gz;10C_veh;10C;veh;/ngs/HiSeq_Berlin/20190924_Signe_PGoeke_ChIPseq/07_filter_CNV/mpg_L18015_10C_veh_S87.cutadapt.sorted.filtered.rmDups.noCNV.bam
./mpg_L18015_13D_veh_S66_peaks.narrowPeak.filt.gz;/mpg_L18015_13D_veh_S66_peaks.narrowPeak.filt.gz;/ngs/HiSeq_Berlin/20190924_Signe_PGoeke_ChIPseq/06_MASC2_callpeak/mpg_L18015_13D_veh_S66_peaks.narrowPeak.filt.gz;13D_veh;13D;veh;/ngs/HiSeq_Berlin/20190924_Signe_PGoeke_ChIPseq/07_filter_CNV/mpg_L18015_13D_veh_S66.cutadapt.sorted.filtered.rmDups.noCNV.bam
./mpg_L18015_9B_dex_S12_peaks.narrowPeak.filt.gz;/mpg_L18015_9B_dex_S12_peaks.narrowPeak.filt.gz;/ngs/HiSeq_Berlin/20190924_Signe_PGoeke_ChIPseq/06_MASC2_callpeak/mpg_L18015_9B_dex_S12_peaks.narrowPeak.filt.gz;9B_dex_;9B;dex;/ngs/HiSeq_Berlin/20190924_Signe_PGoeke_ChIPseq/07_filter_CNV/mpg_L18015_9B_dex_S12.cutadapt.sorted.filtered.rmDups.noCNV.bam
./mpg_L18015_14C_veh_S5_peaks.narrowPeak.filt.gz;/mpg_L18015_14C_veh_S5_peaks.narrowPeak.filt.gz;/ngs/HiSeq_Berlin/20190924_Signe_PGoeke_ChIPseq/06_MASC2_callpeak/mpg_L18015_14C_veh_S5_peaks.narrowPeak.filt.gz;14C_veh;14C;veh;/ngs/HiSeq_Berlin/20190924_Signe_PGoeke_ChIPseq/07_filter_CNV/mpg_L18015_14C_veh_S5.cutadapt.sorted.filtered.rmDups.noCNV.bam
./mpg_L18015_18B_dex_S45_peaks.narrowPeak.filt.gz;/mpg_L18015_18B_dex_S45_peaks.narrowPeak.filt.gz;/ngs/HiSeq_Berlin/20190924_Signe_PGoeke_ChIPseq/06_MASC2_callpeak/mpg_L18015_18B_dex_S45_peaks.narrowPeak.filt.gz;18B_dex;18B;dex;/ngs/HiSeq_Berlin/20190924_Signe_PGoeke_ChIPseq/07_filter_CNV/mpg_L18015_18B_dex_S45.cutadapt.sorted.filtered.rmDups.noCNV.bam
./mpg_L18015_16D_dex_S75_peaks.narrowPeak.filt.gz;/mpg_L18015_16D_dex_S75_peaks.narrowPeak.filt.gz;/ngs/HiSeq_Berlin/20190924_Signe_PGoeke_ChIPseq/06_MASC2_callpeak/mpg_L18015_16D_dex_S75_peaks.narrowPeak.filt.gz;16D_dex;16D;dex;/ngs/HiSeq_Berlin/20190924_Signe_PGoeke_ChIPseq/07_filter_CNV/mpg_L18015_16D_dex_S75.cutadapt.sorted.filtered.rmDups.noCNV.bam
./mpg_L18015_17A_dex_S90_peaks.narrowPeak.filt.gz;/mpg_L18015_17A_dex_S90_peaks.narrowPeak.filt.gz;/ngs/HiSeq_Berlin/20190924_Signe_PGoeke_ChIPseq/06_MASC2_callpeak/mpg_L18015_17A_dex_S90_peaks.narrowPeak.filt.gz;17A_dex;17A;dex;/ngs/HiSeq_Berlin/20190924_Signe_PGoeke_ChIPseq/07_filter_CNV/mpg_L18015_17A_dex_S90.cutadapt.sorted.filtered.rmDups.noCNV.bam
./mpg_L18015_10D_veh_S93_peaks.narrowPeak.filt.gz;/mpg_L18015_10D_veh_S93_peaks.narrowPeak.filt.gz;/ngs/HiSeq_Berlin/20190924_Signe_PGoeke_ChIPseq/06_MASC2_callpeak/mpg_L18015_10D_veh_S93_peaks.narrowPeak.filt.gz;10D_veh;10D;veh;/ngs/HiSeq_Berlin/20190924_Signe_PGoeke_ChIPseq/07_filter_CNV/mpg_L18015_10D_veh_S93.cutadapt.sorted.filtered.rmDups.noCNV.bam
./mpg_L18015_16E_veh_S49_peaks.narrowPeak.filt.gz;/mpg_L18015_16E_veh_S49_peaks.narrowPeak.filt.gz;/ngs/HiSeq_Berlin/20190924_Signe_PGoeke_ChIPseq/06_MASC2_callpeak/mpg_L18015_16E_veh_S49_peaks.narrowPeak.filt.gz;16E_veh;16E;veh;/ngs/HiSeq_Berlin/20190924_Signe_PGoeke_ChIPseq/07_filter_CNV/mpg_L18015_16E_veh_S49.cutadapt.sorted.filtered.rmDups.noCNV.bam
./mpg_L18015_11D_veh_S92_peaks.narrowPeak.filt.gz;/mpg_L18015_11D_veh_S92_peaks.narrowPeak.filt.gz;/ngs/HiSeq_Berlin/20190924_Signe_PGoeke_ChIPseq/06_MASC2_callpeak/mpg_L18015_11D_veh_S92_peaks.narrowPeak.filt.gz;11D_veh;11D;veh;/ngs/HiSeq_Berlin/20190924_Signe_PGoeke_ChIPseq/07_filter_CNV/mpg_L18015_11D_veh_S92.cutadapt.sorted.filtered.rmDups.noCNV.bam
./mpg_L18015_13B_veh_S36_peaks.narrowPeak.filt.gz;/mpg_L18015_13B_veh_S36_peaks.narrowPeak.filt.gz;/ngs/HiSeq_Berlin/20190924_Signe_PGoeke_ChIPseq/06_MASC2_callpeak/mpg_L18015_13B_veh_S36_peaks.narrowPeak.filt.gz;13B_veh;13B;veh;/ngs/HiSeq_Berlin/20190924_Signe_PGoeke_ChIPseq/07_filter_CNV/mpg_L18015_13B_veh_S36.cutadapt.sorted.filtered.rmDups.noCNV.bam
./mpg_L18015_7A_veh_S14_peaks.narrowPeak.filt.gz;/mpg_L18015_7A_veh_S14_peaks.narrowPeak.filt.gz;/ngs/HiSeq_Berlin/20190924_Signe_PGoeke_ChIPseq/06_MASC2_callpeak/mpg_L18015_7A_veh_S14_peaks.narrowPeak.filt.gz;7A_veh_;7A;veh;/ngs/HiSeq_Berlin/20190924_Signe_PGoeke_ChIPseq/07_filter_CNV/mpg_L18015_7A_veh_S14.cutadapt.sorted.filtered.rmDups.noCNV.bam
./mpg_L18015_13B_dex_S18_peaks.narrowPeak.filt.gz;/mpg_L18015_13B_dex_S18_peaks.narrowPeak.filt.gz;/ngs/HiSeq_Berlin/20190924_Signe_PGoeke_ChIPseq/06_MASC2_callpeak/mpg_L18015_13B_dex_S18_peaks.narrowPeak.filt.gz;13B_dex;13B;dex;/ngs/HiSeq_Berlin/20190924_Signe_PGoeke_ChIPseq/07_filter_CNV/mpg_L18015_13B_dex_S18.cutadapt.sorted.filtered.rmDups.noCNV.bam
./mpg_L18015_18C_dex_S69_peaks.narrowPeak.filt.gz;/mpg_L18015_18C_dex_S69_peaks.narrowPeak.filt.gz;/ngs/HiSeq_Berlin/20190924_Signe_PGoeke_ChIPseq/06_MASC2_callpeak/mpg_L18015_18C_dex_S69_peaks.narrowPeak.filt.gz;18C_dex;18C;dex;/ngs/HiSeq_Berlin/20190924_Signe_PGoeke_ChIPseq/07_filter_CNV/mpg_L18015_18C_dex_S69.cutadapt.sorted.filtered.rmDups.noCNV.bam
./mpg_L18015_12C_veh_S57_peaks.narrowPeak.filt.gz;/mpg_L18015_12C_veh_S57_peaks.narrowPeak.filt.gz;/ngs/HiSeq_Berlin/20190924_Signe_PGoeke_ChIPseq/06_MASC2_callpeak/mpg_L18015_12C_veh_S57_peaks.narrowPeak.filt.gz;12C_veh;12C;veh;/ngs/HiSeq_Berlin/20190924_Signe_PGoeke_ChIPseq/07_filter_CNV/mpg_L18015_12C_veh_S57.cutadapt.sorted.filtered.rmDups.noCNV.bam
./mpg_L18015_3B_dex_S11_peaks.narrowPeak.filt.gz;/mpg_L18015_3B_dex_S11_peaks.narrowPeak.filt.gz;/ngs/HiSeq_Berlin/20190924_Signe_PGoeke_ChIPseq/06_MASC2_callpeak/mpg_L18015_3B_dex_S11_peaks.narrowPeak.filt.gz;3B_dex_;3B;dex;/ngs/HiSeq_Berlin/20190924_Signe_PGoeke_ChIPseq/07_filter_CNV/mpg_L18015_3B_dex_S11.cutadapt.sorted.filtered.rmDups.noCNV.bam
./mpg_L18015_16B_veh_S78_peaks.narrowPeak.filt.gz;/mpg_L18015_16B_veh_S78_peaks.narrowPeak.filt.gz;/ngs/HiSeq_Berlin/20190924_Signe_PGoeke_ChIPseq/06_MASC2_callpeak/mpg_L18015_16B_veh_S78_peaks.narrowPeak.filt.gz;16B_veh;16B;veh;/ngs/HiSeq_Berlin/20190924_Signe_PGoeke_ChIPseq/07_filter_CNV/mpg_L18015_16B_veh_S78.cutadapt.sorted.filtered.rmDups.noCNV.bam
./mpg_L18015_17D_dex_S64_peaks.narrowPeak.filt.gz;/mpg_L18015_17D_dex_S64_peaks.narrowPeak.filt.gz;/ngs/HiSeq_Berlin/20190924_Signe_PGoeke_ChIPseq/06_MASC2_callpeak/mpg_L18015_17D_dex_S64_peaks.narrowPeak.filt.gz;17D_dex;17D;dex;/ngs/HiSeq_Berlin/20190924_Signe_PGoeke_ChIPseq/07_filter_CNV/mpg_L18015_17D_dex_S64.cutadapt.sorted.filtered.rmDups.noCNV.bam
./mpg_L18015_4B_veh_S59_peaks.narrowPeak.filt.gz;/mpg_L18015_4B_veh_S59_peaks.narrowPeak.filt.gz;/ngs/HiSeq_Berlin/20190924_Signe_PGoeke_ChIPseq/06_MASC2_callpeak/mpg_L18015_4B_veh_S59_peaks.narrowPeak.filt.gz;4B_veh_;4B;veh;/ngs/HiSeq_Berlin/20190924_Signe_PGoeke_ChIPseq/07_filter_CNV/mpg_L18015_4B_veh_S59.cutadapt.sorted.filtered.rmDups.noCNV.bam
./mpg_L18015_12A_veh_S95_peaks.narrowPeak.filt.gz;/mpg_L18015_12A_veh_S95_peaks.narrowPeak.filt.gz;/ngs/HiSeq_Berlin/20190924_Signe_PGoeke_ChIPseq/06_MASC2_callpeak/mpg_L18015_12A_veh_S95_peaks.narrowPeak.filt.gz;12A_veh;12A;veh;/ngs/HiSeq_Berlin/20190924_Signe_PGoeke_ChIPseq/07_filter_CNV/mpg_L18015_12A_veh_S95.cutadapt.sorted.filtered.rmDups.noCNV.bam
./mpg_L18015_12B_dex_S21_peaks.narrowPeak.filt.gz;/mpg_L18015_12B_dex_S21_peaks.narrowPeak.filt.gz;/ngs/HiSeq_Berlin/20190924_Signe_PGoeke_ChIPseq/06_MASC2_callpeak/mpg_L18015_12B_dex_S21_peaks.narrowPeak.filt.gz;12B_dex;12B;dex;/ngs/HiSeq_Berlin/20190924_Signe_PGoeke_ChIPseq/07_filter_CNV/mpg_L18015_12B_dex_S21.cutadapt.sorted.filtered.rmDups.noCNV.bam
./mpg_L18015_18D_dex_S41_peaks.narrowPeak.filt.gz;/mpg_L18015_18D_dex_S41_peaks.narrowPeak.filt.gz;/ngs/HiSeq_Berlin/20190924_Signe_PGoeke_ChIPseq/06_MASC2_callpeak/mpg_L18015_18D_dex_S41_peaks.narrowPeak.filt.gz;18D_dex;18D;dex;/ngs/HiSeq_Berlin/20190924_Signe_PGoeke_ChIPseq/07_filter_CNV/mpg_L18015_18D_dex_S41.cutadapt.sorted.filtered.rmDups.noCNV.bam
./mpg_L18015_11B_dex_S32_peaks.narrowPeak.filt.gz;/mpg_L18015_11B_dex_S32_peaks.narrowPeak.filt.gz;/ngs/HiSeq_Berlin/20190924_Signe_PGoeke_ChIPseq/06_MASC2_callpeak/mpg_L18015_11B_dex_S32_peaks.narrowPeak.filt.gz;11B_dex;11B;dex;/ngs/HiSeq_Berlin/20190924_Signe_PGoeke_ChIPseq/07_filter_CNV/mpg_L18015_11B_dex_S32.cutadapt.sorted.filtered.rmDups.noCNV.bam
./mpg_L18015_18C_veh_S28_peaks.narrowPeak.filt.gz;/mpg_L18015_18C_veh_S28_peaks.narrowPeak.filt.gz;/ngs/HiSeq_Berlin/20190924_Signe_PGoeke_ChIPseq/06_MASC2_callpeak/mpg_L18015_18C_veh_S28_peaks.narrowPeak.filt.gz;18C_veh;18C;veh;/ngs/HiSeq_Berlin/20190924_Signe_PGoeke_ChIPseq/07_filter_CNV/mpg_L18015_18C_veh_S28.cutadapt.sorted.filtered.rmDups.noCNV.bam
./mpg_L18015_17B_veh_S27_peaks.narrowPeak.filt.gz;/mpg_L18015_17B_veh_S27_peaks.narrowPeak.filt.gz;/ngs/HiSeq_Berlin/20190924_Signe_PGoeke_ChIPseq/06_MASC2_callpeak/mpg_L18015_17B_veh_S27_peaks.narrowPeak.filt.gz;17B_veh;17B;veh;/ngs/HiSeq_Berlin/20190924_Signe_PGoeke_ChIPseq/07_filter_CNV/mpg_L18015_17B_veh_S27.cutadapt.sorted.filtered.rmDups.noCNV.bam
./mpg_L18015_14D_dex_S83_peaks.narrowPeak.filt.gz;/mpg_L18015_14D_dex_S83_peaks.narrowPeak.filt.gz;/ngs/HiSeq_Berlin/20190924_Signe_PGoeke_ChIPseq/06_MASC2_callpeak/mpg_L18015_14D_dex_S83_peaks.narrowPeak.filt.gz;14D_dex;14D;dex;/ngs/HiSeq_Berlin/20190924_Signe_PGoeke_ChIPseq/07_filter_CNV/mpg_L18015_14D_dex_S83.cutadapt.sorted.filtered.rmDups.noCNV.bam
./mpg_L18015_11D_dex_S22_peaks.narrowPeak.filt.gz;/mpg_L18015_11D_dex_S22_peaks.narrowPeak.filt.gz;/ngs/HiSeq_Berlin/20190924_Signe_PGoeke_ChIPseq/06_MASC2_callpeak/mpg_L18015_11D_dex_S22_peaks.narrowPeak.filt.gz;11D_dex;11D;dex;/ngs/HiSeq_Berlin/20190924_Signe_PGoeke_ChIPseq/07_filter_CNV/mpg_L18015_11D_dex_S22.cutadapt.sorted.filtered.rmDups.noCNV.bam
./mpg_L18015_3A_dex_S58_peaks.narrowPeak.filt.gz;/mpg_L18015_3A_dex_S58_peaks.narrowPeak.filt.gz;/ngs/HiSeq_Berlin/20190924_Signe_PGoeke_ChIPseq/06_MASC2_callpeak/mpg_L18015_3A_dex_S58_peaks.narrowPeak.filt.gz;3A_dex_;3A;dex;/ngs/HiSeq_Berlin/20190924_Signe_PGoeke_ChIPseq/07_filter_CNV/mpg_L18015_3A_dex_S58.cutadapt.sorted.filtered.rmDups.noCNV.bam
./mpg_L18015_17B_dex_S46_peaks.narrowPeak.filt.gz;/mpg_L18015_17B_dex_S46_peaks.narrowPeak.filt.gz;/ngs/HiSeq_Berlin/20190924_Signe_PGoeke_ChIPseq/06_MASC2_callpeak/mpg_L18015_17B_dex_S46_peaks.narrowPeak.filt.gz;17B_dex;17B;dex;/ngs/HiSeq_Berlin/20190924_Signe_PGoeke_ChIPseq/07_filter_CNV/mpg_L18015_17B_dex_S46.cutadapt.sorted.filtered.rmDups.noCNV.bam
./mpg_L18015_11C_veh_S3_peaks.narrowPeak.filt.gz;/mpg_L18015_11C_veh_S3_peaks.narrowPeak.filt.gz;/ngs/HiSeq_Berlin/20190924_Signe_PGoeke_ChIPseq/06_MASC2_callpeak/mpg_L18015_11C_veh_S3_peaks.narrowPeak.filt.gz;11C_veh;11C;veh;/ngs/HiSeq_Berlin/20190924_Signe_PGoeke_ChIPseq/07_filter_CNV/mpg_L18015_11C_veh_S3.cutadapt.sorted.filtered.rmDups.noCNV.bam
./mpg_L18015_16D_veh_S44_peaks.narrowPeak.filt.gz;/mpg_L18015_16D_veh_S44_peaks.narrowPeak.filt.gz;/ngs/HiSeq_Berlin/20190924_Signe_PGoeke_ChIPseq/06_MASC2_callpeak/mpg_L18015_16D_veh_S44_peaks.narrowPeak.filt.gz;16D_veh;16D;veh;/ngs/HiSeq_Berlin/20190924_Signe_PGoeke_ChIPseq/07_filter_CNV/mpg_L18015_16D_veh_S44.cutadapt.sorted.filtered.rmDups.noCNV.bam
./mpg_L18015_12D_dex_S29_peaks.narrowPeak.filt.gz;/mpg_L18015_12D_dex_S29_peaks.narrowPeak.filt.gz;/ngs/HiSeq_Berlin/20190924_Signe_PGoeke_ChIPseq/06_MASC2_callpeak/mpg_L18015_12D_dex_S29_peaks.narrowPeak.filt.gz;12D_dex;12D;dex;/ngs/HiSeq_Berlin/20190924_Signe_PGoeke_ChIPseq/07_filter_CNV/mpg_L18015_12D_dex_S29.cutadapt.sorted.filtered.rmDups.noCNV.bam
./mpg_L18015_13C_veh_S79_peaks.narrowPeak.filt.gz;/mpg_L18015_13C_veh_S79_peaks.narrowPeak.filt.gz;/ngs/HiSeq_Berlin/20190924_Signe_PGoeke_ChIPseq/06_MASC2_callpeak/mpg_L18015_13C_veh_S79_peaks.narrowPeak.filt.gz;13C_veh;13C;veh;/ngs/HiSeq_Berlin/20190924_Signe_PGoeke_ChIPseq/07_filter_CNV/mpg_L18015_13C_veh_S79.cutadapt.sorted.filtered.rmDups.noCNV.bam
./mpg_L18015_18A_dex_S1_peaks.narrowPeak.filt.gz;/mpg_L18015_18A_dex_S1_peaks.narrowPeak.filt.gz;/ngs/HiSeq_Berlin/20190924_Signe_PGoeke_ChIPseq/06_MASC2_callpeak/mpg_L18015_18A_dex_S1_peaks.narrowPeak.filt.gz;18A_dex;18A;dex;/ngs/HiSeq_Berlin/20190924_Signe_PGoeke_ChIPseq/07_filter_CNV/mpg_L18015_18A_dex_S1.cutadapt.sorted.filtered.rmDups.noCNV.bam
./mpg_L18015_3D_veh_S80_peaks.narrowPeak.filt.gz;/mpg_L18015_3D_veh_S80_peaks.narrowPeak.filt.gz;/ngs/HiSeq_Berlin/20190924_Signe_PGoeke_ChIPseq/06_MASC2_callpeak/mpg_L18015_3D_veh_S80_peaks.narrowPeak.filt.gz;3D_veh_;3D;veh;/ngs/HiSeq_Berlin/20190924_Signe_PGoeke_ChIPseq/07_filter_CNV/mpg_L18015_3D_veh_S80.cutadapt.sorted.filtered.rmDups.noCNV.bam
./mpg_L18015_7C_dex_S84_peaks.narrowPeak.filt.gz;/mpg_L18015_7C_dex_S84_peaks.narrowPeak.filt.gz;/ngs/HiSeq_Berlin/20190924_Signe_PGoeke_ChIPseq/06_MASC2_callpeak/mpg_L18015_7C_dex_S84_peaks.narrowPeak.filt.gz;7C_dex_;7C;dex;/ngs/HiSeq_Berlin/20190924_Signe_PGoeke_ChIPseq/07_filter_CNV/mpg_L18015_7C_dex_S84.cutadapt.sorted.filtered.rmDups.noCNV.bam
./mpg_L18015_15A_dex_S4_peaks.narrowPeak.filt.gz;/mpg_L18015_15A_dex_S4_peaks.narrowPeak.filt.gz;/ngs/HiSeq_Berlin/20190924_Signe_PGoeke_ChIPseq/06_MASC2_callpeak/mpg_L18015_15A_dex_S4_peaks.narrowPeak.filt.gz;15A_dex;15A;dex;/ngs/HiSeq_Berlin/20190924_Signe_PGoeke_ChIPseq/07_filter_CNV/mpg_L18015_15A_dex_S4.cutadapt.sorted.filtered.rmDups.noCNV.bam
./mpg_L18015_16B_dex_S2_peaks.narrowPeak.filt.gz;/mpg_L18015_16B_dex_S2_peaks.narrowPeak.filt.gz;/ngs/HiSeq_Berlin/20190924_Signe_PGoeke_ChIPseq/06_MASC2_callpeak/mpg_L18015_16B_dex_S2_peaks.narrowPeak.filt.gz;16B_dex;16B;dex;/ngs/HiSeq_Berlin/20190924_Signe_PGoeke_ChIPseq/07_filter_CNV/mpg_L18015_16B_dex_S2.cutadapt.sorted.filtered.rmDups.noCNV.bam
./mpg_L18015_10A_dex_S56_peaks.narrowPeak.filt.gz;/mpg_L18015_10A_dex_S56_peaks.narrowPeak.filt.gz;/ngs/HiSeq_Berlin/20190924_Signe_PGoeke_ChIPseq/06_MASC2_callpeak/mpg_L18015_10A_dex_S56_peaks.narrowPeak.filt.gz;10A_dex;10A;dex;/ngs/HiSeq_Berlin/20190924_Signe_PGoeke_ChIPseq/07_filter_CNV/mpg_L18015_10A_dex_S56.cutadapt.sorted.filtered.rmDups.noCNV.bam
./mpg_L18015_9A_veh_S82_peaks.narrowPeak.filt.gz;/mpg_L18015_9A_veh_S82_peaks.narrowPeak.filt.gz;/ngs/HiSeq_Berlin/20190924_Signe_PGoeke_ChIPseq/06_MASC2_callpeak/mpg_L18015_9A_veh_S82_peaks.narrowPeak.filt.gz;9A_veh_;9A;veh;/ngs/HiSeq_Berlin/20190924_Signe_PGoeke_ChIPseq/07_filter_CNV/mpg_L18015_9A_veh_S82.cutadapt.sorted.filtered.rmDups.noCNV.bam
./mpg_L18015_9C_dex_S71_peaks.narrowPeak.filt.gz;/mpg_L18015_9C_dex_S71_peaks.narrowPeak.filt.gz;/ngs/HiSeq_Berlin/20190924_Signe_PGoeke_ChIPseq/06_MASC2_callpeak/mpg_L18015_9C_dex_S71_peaks.narrowPeak.filt.gz;9C_dex_;9C;dex;/ngs/HiSeq_Berlin/20190924_Signe_PGoeke_ChIPseq/07_filter_CNV/mpg_L18015_9C_dex_S71.cutadapt.sorted.filtered.rmDups.noCNV.bam
./mpg_L18015_10B_veh_S70_peaks.narrowPeak.filt.gz;/mpg_L18015_10B_veh_S70_peaks.narrowPeak.filt.gz;/ngs/HiSeq_Berlin/20190924_Signe_PGoeke_ChIPseq/06_MASC2_callpeak/mpg_L18015_10B_veh_S70_peaks.narrowPeak.filt.gz;10B_veh;10B;veh;/ngs/HiSeq_Berlin/20190924_Signe_PGoeke_ChIPseq/07_filter_CNV/mpg_L18015_10B_veh_S70.cutadapt.sorted.filtered.rmDups.noCNV.bam
./mpg_L18015_15C_veh_S89_peaks.narrowPeak.filt.gz;/mpg_L18015_15C_veh_S89_peaks.narrowPeak.filt.gz;/ngs/HiSeq_Berlin/20190924_Signe_PGoeke_ChIPseq/06_MASC2_callpeak/mpg_L18015_15C_veh_S89_peaks.narrowPeak.filt.gz;15C_veh;15C;veh;/ngs/HiSeq_Berlin/20190924_Signe_PGoeke_ChIPseq/07_filter_CNV/mpg_L18015_15C_veh_S89.cutadapt.sorted.filtered.rmDups.noCNV.bam
./mpg_L18015_14A_dex_S35_peaks.narrowPeak.filt.gz;/mpg_L18015_14A_dex_S35_peaks.narrowPeak.filt.gz;/ngs/HiSeq_Berlin/20190924_Signe_PGoeke_ChIPseq/06_MASC2_callpeak/mpg_L18015_14A_dex_S35_peaks.narrowPeak.filt.gz;14A_dex;14A;dex;/ngs/HiSeq_Berlin/20190924_Signe_PGoeke_ChIPseq/07_filter_CNV/mpg_L18015_14A_dex_S35.cutadapt.sorted.filtered.rmDups.noCNV.bam
./mpg_L18015_15D_veh_S31_peaks.narrowPeak.filt.gz;/mpg_L18015_15D_veh_S31_peaks.narrowPeak.filt.gz;/ngs/HiSeq_Berlin/20190924_Signe_PGoeke_ChIPseq/06_MASC2_callpeak/mpg_L18015_15D_veh_S31_peaks.narrowPeak.filt.gz;15D_veh;15D;veh;/ngs/HiSeq_Berlin/20190924_Signe_PGoeke_ChIPseq/07_filter_CNV/mpg_L18015_15D_veh_S31.cutadapt.sorted.filtered.rmDups.noCNV.bam
./mpg_L18015_13A_veh_S61_peaks.narrowPeak.filt.gz;/mpg_L18015_13A_veh_S61_peaks.narrowPeak.filt.gz;/ngs/HiSeq_Berlin/20190924_Signe_PGoeke_ChIPseq/06_MASC2_callpeak/mpg_L18015_13A_veh_S61_peaks.narrowPeak.filt.gz;13A_veh;13A;veh;/ngs/HiSeq_Berlin/20190924_Signe_PGoeke_ChIPseq/07_filter_CNV/mpg_L18015_13A_veh_S61.cutadapt.sorted.filtered.rmDups.noCNV.bam
./mpg_L18015_15B_veh_S9_peaks.narrowPeak.filt.gz;/mpg_L18015_15B_veh_S9_peaks.narrowPeak.filt.gz;/ngs/HiSeq_Berlin/20190924_Signe_PGoeke_ChIPseq/06_MASC2_callpeak/mpg_L18015_15B_veh_S9_peaks.narrowPeak.filt.gz;15B_veh;15B;veh;/ngs/HiSeq_Berlin/20190924_Signe_PGoeke_ChIPseq/07_filter_CNV/mpg_L18015_15B_veh_S9.cutadapt.sorted.filtered.rmDups.noCNV.bam
./mpg_L18015_12D_veh_S68_peaks.narrowPeak.filt.gz;/mpg_L18015_12D_veh_S68_peaks.narrowPeak.filt.gz;/ngs/HiSeq_Berlin/20190924_Signe_PGoeke_ChIPseq/06_MASC2_callpeak/mpg_L18015_12D_veh_S68_peaks.narrowPeak.filt.gz;12D_veh;12D;veh;/ngs/HiSeq_Berlin/20190924_Signe_PGoeke_ChIPseq/07_filter_CNV/mpg_L18015_12D_veh_S68.cutadapt.sorted.filtered.rmDups.noCNV.bam
./mpg_L18015_17C_veh_S86_peaks.narrowPeak.filt.gz;/mpg_L18015_17C_veh_S86_peaks.narrowPeak.filt.gz;/ngs/HiSeq_Berlin/20190924_Signe_PGoeke_ChIPseq/06_MASC2_callpeak/mpg_L18015_17C_veh_S86_peaks.narrowPeak.filt.gz;17C_veh;17C;veh;/ngs/HiSeq_Berlin/20190924_Signe_PGoeke_ChIPseq/07_filter_CNV/mpg_L18015_17C_veh_S86.cutadapt.sorted.filtered.rmDups.noCNV.bam
./mpg_L18015_12B_veh_S91_peaks.narrowPeak.filt.gz;/mpg_L18015_12B_veh_S91_peaks.narrowPeak.filt.gz;/ngs/HiSeq_Berlin/20190924_Signe_PGoeke_ChIPseq/06_MASC2_callpeak/mpg_L18015_12B_veh_S91_peaks.narrowPeak.filt.gz;12B_veh;12B;veh;/ngs/HiSeq_Berlin/20190924_Signe_PGoeke_ChIPseq/07_filter_CNV/mpg_L18015_12B_veh_S91.cutadapt.sorted.filtered.rmDups.noCNV.bam
./mpg_L18015_15C_dex_S53_peaks.narrowPeak.filt.gz;/mpg_L18015_15C_dex_S53_peaks.narrowPeak.filt.gz;/ngs/HiSeq_Berlin/20190924_Signe_PGoeke_ChIPseq/06_MASC2_callpeak/mpg_L18015_15C_dex_S53_peaks.narrowPeak.filt.gz;15C_dex;15C;dex;/ngs/HiSeq_Berlin/20190924_Signe_PGoeke_ChIPseq/07_filter_CNV/mpg_L18015_15C_dex_S53.cutadapt.sorted.filtered.rmDups.noCNV.bam
./mpg_L18015_15D_dex_S13_peaks.narrowPeak.filt.gz;/mpg_L18015_15D_dex_S13_peaks.narrowPeak.filt.gz;/ngs/HiSeq_Berlin/20190924_Signe_PGoeke_ChIPseq/06_MASC2_callpeak/mpg_L18015_15D_dex_S13_peaks.narrowPeak.filt.gz;15D_dex;15D;dex;/ngs/HiSeq_Berlin/20190924_Signe_PGoeke_ChIPseq/07_filter_CNV/mpg_L18015_15D_dex_S13.cutadapt.sorted.filtered.rmDups.noCNV.bam
./mpg_L18015_7A_dex_S67_peaks.narrowPeak.filt.gz;/mpg_L18015_7A_dex_S67_peaks.narrowPeak.filt.gz;/ngs/HiSeq_Berlin/20190924_Signe_PGoeke_ChIPseq/06_MASC2_callpeak/mpg_L18015_7A_dex_S67_peaks.narrowPeak.filt.gz;7A_dex_;7A;dex;/ngs/HiSeq_Berlin/20190924_Signe_PGoeke_ChIPseq/07_filter_CNV/mpg_L18015_7A_dex_S67.cutadapt.sorted.filtered.rmDups.noCNV.bam
./mpg_L18015_4D_veh_S30_peaks.narrowPeak.filt.gz;/mpg_L18015_4D_veh_S30_peaks.narrowPeak.filt.gz;/ngs/HiSeq_Berlin/20190924_Signe_PGoeke_ChIPseq/06_MASC2_callpeak/mpg_L18015_4D_veh_S30_peaks.narrowPeak.filt.gz;4D_veh_;4D;veh;/ngs/HiSeq_Berlin/20190924_Signe_PGoeke_ChIPseq/07_filter_CNV/mpg_L18015_4D_veh_S30.cutadapt.sorted.filtered.rmDups.noCNV.bam
./mpg_L18015_13A_dex_S10_peaks.narrowPeak.filt.gz;/mpg_L18015_13A_dex_S10_peaks.narrowPeak.filt.gz;/ngs/HiSeq_Berlin/20190924_Signe_PGoeke_ChIPseq/06_MASC2_callpeak/mpg_L18015_13A_dex_S10_peaks.narrowPeak.filt.gz;13A_dex;13A;dex;/ngs/HiSeq_Berlin/20190924_Signe_PGoeke_ChIPseq/07_filter_CNV/mpg_L18015_13A_dex_S10.cutadapt.sorted.filtered.rmDups.noCNV.bam
./mpg_L18015_9A_dex_S52_peaks.narrowPeak.filt.gz;/mpg_L18015_9A_dex_S52_peaks.narrowPeak.filt.gz;/ngs/HiSeq_Berlin/20190924_Signe_PGoeke_ChIPseq/06_MASC2_callpeak/mpg_L18015_9A_dex_S52_peaks.narrowPeak.filt.gz;9A_dex_;9A;dex;/ngs/HiSeq_Berlin/20190924_Signe_PGoeke_ChIPseq/07_filter_CNV/mpg_L18015_9A_dex_S52.cutadapt.sorted.filtered.rmDups.noCNV.bam
./mpg_L18015_2D_veh_S48_peaks.narrowPeak.filt.gz;/mpg_L18015_2D_veh_S48_peaks.narrowPeak.filt.gz;/ngs/HiSeq_Berlin/20190924_Signe_PGoeke_ChIPseq/06_MASC2_callpeak/mpg_L18015_2D_veh_S48_peaks.narrowPeak.filt.gz;2D_veh_;2D;veh;/ngs/HiSeq_Berlin/20190924_Signe_PGoeke_ChIPseq/07_filter_CNV/mpg_L18015_2D_veh_S48.cutadapt.sorted.filtered.rmDups.noCNV.bam
./mpg_L18015_11B_veh_S55_peaks.narrowPeak.filt.gz;/mpg_L18015_11B_veh_S55_peaks.narrowPeak.filt.gz;/ngs/HiSeq_Berlin/20190924_Signe_PGoeke_ChIPseq/06_MASC2_callpeak/mpg_L18015_11B_veh_S55_peaks.narrowPeak.filt.gz;11B_veh;11B;veh;/ngs/HiSeq_Berlin/20190924_Signe_PGoeke_ChIPseq/07_filter_CNV/mpg_L18015_11B_veh_S55.cutadapt.sorted.filtered.rmDups.noCNV.bam
./mpg_L18015_18A_veh_S20_peaks.narrowPeak.filt.gz;/mpg_L18015_18A_veh_S20_peaks.narrowPeak.filt.gz;/ngs/HiSeq_Berlin/20190924_Signe_PGoeke_ChIPseq/06_MASC2_callpeak/mpg_L18015_18A_veh_S20_peaks.narrowPeak.filt.gz;18A_veh;18A;veh;/ngs/HiSeq_Berlin/20190924_Signe_PGoeke_ChIPseq/07_filter_CNV/mpg_L18015_18A_veh_S20.cutadapt.sorted.filtered.rmDups.noCNV.bam
./mpg_L18015_10C_dex_S17_peaks.narrowPeak.filt.gz;/mpg_L18015_10C_dex_S17_peaks.narrowPeak.filt.gz;/ngs/HiSeq_Berlin/20190924_Signe_PGoeke_ChIPseq/06_MASC2_callpeak/mpg_L18015_10C_dex_S17_peaks.narrowPeak.filt.gz;10C_dex;10C;dex;/ngs/HiSeq_Berlin/20190924_Signe_PGoeke_ChIPseq/07_filter_CNV/mpg_L18015_10C_dex_S17.cutadapt.sorted.filtered.rmDups.noCNV.bam
./mpg_L18015_11A_veh_S85_peaks.narrowPeak.filt.gz;/mpg_L18015_11A_veh_S85_peaks.narrowPeak.filt.gz;/ngs/HiSeq_Berlin/20190924_Signe_PGoeke_ChIPseq/06_MASC2_callpeak/mpg_L18015_11A_veh_S85_peaks.narrowPeak.filt.gz;11A_veh;11A;veh;/ngs/HiSeq_Berlin/20190924_Signe_PGoeke_ChIPseq/07_filter_CNV/mpg_L18015_11A_veh_S85.cutadapt.sorted.filtered.rmDups.noCNV.bam
./mpg_L18015_4B_dex_S42_peaks.narrowPeak.filt.gz;/mpg_L18015_4B_dex_S42_peaks.narrowPeak.filt.gz;/ngs/HiSeq_Berlin/20190924_Signe_PGoeke_ChIPseq/06_MASC2_callpeak/mpg_L18015_4B_dex_S42_peaks.narrowPeak.filt.gz;4B_dex_;4B;dex;/ngs/HiSeq_Berlin/20190924_Signe_PGoeke_ChIPseq/07_filter_CNV/mpg_L18015_4B_dex_S42.cutadapt.sorted.filtered.rmDups.noCNV.bam
./mpg_L18015_15A_veh_S7_peaks.narrowPeak.filt.gz;/mpg_L18015_15A_veh_S7_peaks.narrowPeak.filt.gz;/ngs/HiSeq_Berlin/20190924_Signe_PGoeke_ChIPseq/06_MASC2_callpeak/mpg_L18015_15A_veh_S7_peaks.narrowPeak.filt.gz;15A_veh;15A;veh;/ngs/HiSeq_Berlin/20190924_Signe_PGoeke_ChIPseq/07_filter_CNV/mpg_L18015_15A_veh_S7.cutadapt.sorted.filtered.rmDups.noCNV.bam
./mpg_L18015_4D_dex_S40_peaks.narrowPeak.filt.gz;/mpg_L18015_4D_dex_S40_peaks.narrowPeak.filt.gz;/ngs/HiSeq_Berlin/20190924_Signe_PGoeke_ChIPseq/06_MASC2_callpeak/mpg_L18015_4D_dex_S40_peaks.narrowPeak.filt.gz;4D_dex_;4D;dex;/ngs/HiSeq_Berlin/20190924_Signe_PGoeke_ChIPseq/07_filter_CNV/mpg_L18015_4D_dex_S40.cutadapt.sorted.filtered.rmDups.noCNV.bam
./mpg_L18015_3B_veh_S8_peaks.narrowPeak.filt.gz;/mpg_L18015_3B_veh_S8_peaks.narrowPeak.filt.gz;/ngs/HiSeq_Berlin/20190924_Signe_PGoeke_ChIPseq/06_MASC2_callpeak/mpg_L18015_3B_veh_S8_peaks.narrowPeak.filt.gz;3B_veh_;3B;veh;/ngs/HiSeq_Berlin/20190924_Signe_PGoeke_ChIPseq/07_filter_CNV/mpg_L18015_3B_veh_S8.cutadapt.sorted.filtered.rmDups.noCNV.bam
./mpg_L18015_14B_dex_S43_peaks.narrowPeak.filt.gz;/mpg_L18015_14B_dex_S43_peaks.narrowPeak.filt.gz;/ngs/HiSeq_Berlin/20190924_Signe_PGoeke_ChIPseq/06_MASC2_callpeak/mpg_L18015_14B_dex_S43_peaks.narrowPeak.filt.gz;14B_dex;14B;dex;/ngs/HiSeq_Berlin/20190924_Signe_PGoeke_ChIPseq/07_filter_CNV/mpg_L18015_14B_dex_S43.cutadapt.sorted.filtered.rmDups.noCNV.bam
./mpg_L18015_11C_dex_S6_peaks.narrowPeak.filt.gz;/mpg_L18015_11C_dex_S6_peaks.narrowPeak.filt.gz;/ngs/HiSeq_Berlin/20190924_Signe_PGoeke_ChIPseq/06_MASC2_callpeak/mpg_L18015_11C_dex_S6_peaks.narrowPeak.filt.gz;11C_dex;11C;dex;/ngs/HiSeq_Berlin/20190924_Signe_PGoeke_ChIPseq/07_filter_CNV/mpg_L18015_11C_dex_S6.cutadapt.sorted.filtered.rmDups.noCNV.bam
./mpg_L18015_17D_veh_S51_peaks.narrowPeak.filt.gz;/mpg_L18015_17D_veh_S51_peaks.narrowPeak.filt.gz;/ngs/HiSeq_Berlin/20190924_Signe_PGoeke_ChIPseq/06_MASC2_callpeak/mpg_L18015_17D_veh_S51_peaks.narrowPeak.filt.gz;17D_veh;17D;veh;/ngs/HiSeq_Berlin/20190924_Signe_PGoeke_ChIPseq/07_filter_CNV/mpg_L18015_17D_veh_S51.cutadapt.sorted.filtered.rmDups.noCNV.bam
./mpg_L18015_14C_dex_S37_peaks.narrowPeak.filt.gz;/mpg_L18015_14C_dex_S37_peaks.narrowPeak.filt.gz;/ngs/HiSeq_Berlin/20190924_Signe_PGoeke_ChIPseq/06_MASC2_callpeak/mpg_L18015_14C_dex_S37_peaks.narrowPeak.filt.gz;14C_dex;14C;dex;/ngs/HiSeq_Berlin/20190924_Signe_PGoeke_ChIPseq/07_filter_CNV/mpg_L18015_14C_dex_S37.cutadapt.sorted.filtered.rmDups.noCNV.bam
./mpg_L18015_17C_dex_S76_peaks.narrowPeak.filt.gz;/mpg_L18015_17C_dex_S76_peaks.narrowPeak.filt.gz;/ngs/HiSeq_Berlin/20190924_Signe_PGoeke_ChIPseq/06_MASC2_callpeak/mpg_L18015_17C_dex_S76_peaks.narrowPeak.filt.gz;17C_dex;17C;dex;/ngs/HiSeq_Berlin/20190924_Signe_PGoeke_ChIPseq/07_filter_CNV/mpg_L18015_17C_dex_S76.cutadapt.sorted.filtered.rmDups.noCNV.bam
./mpg_L18015_7D_dex_S34_peaks.narrowPeak.filt.gz;/mpg_L18015_7D_dex_S34_peaks.narrowPeak.filt.gz;/ngs/HiSeq_Berlin/20190924_Signe_PGoeke_ChIPseq/06_MASC2_callpeak/mpg_L18015_7D_dex_S34_peaks.narrowPeak.filt.gz;7D_dex_;7D;dex;/ngs/HiSeq_Berlin/20190924_Signe_PGoeke_ChIPseq/07_filter_CNV/mpg_L18015_7D_dex_S34.cutadapt.sorted.filtered.rmDups.noCNV.bam
./mpg_L18015_16C_veh_S15_peaks.narrowPeak.filt.gz;/mpg_L18015_16C_veh_S15_peaks.narrowPeak.filt.gz;/ngs/HiSeq_Berlin/20190924_Signe_PGoeke_ChIPseq/06_MASC2_callpeak/mpg_L18015_16C_veh_S15_peaks.narrowPeak.filt.gz;16C_veh;16C;veh;/ngs/HiSeq_Berlin/20190924_Signe_PGoeke_ChIPseq/07_filter_CNV/mpg_L18015_16C_veh_S15.cutadapt.sorted.filtered.rmDups.noCNV.bam
./mpg_L18015_10D_dex_S39_peaks.narrowPeak.filt.gz;/mpg_L18015_10D_dex_S39_peaks.narrowPeak.filt.gz;/ngs/HiSeq_Berlin/20190924_Signe_PGoeke_ChIPseq/06_MASC2_callpeak/mpg_L18015_10D_dex_S39_peaks.narrowPeak.filt.gz;10D_dex;10D;dex;/ngs/HiSeq_Berlin/20190924_Signe_PGoeke_ChIPseq/07_filter_CNV/mpg_L18015_10D_dex_S39.cutadapt.sorted.filtered.rmDups.noCNV.bam
./mpg_L18015_3D_dex_S25_peaks.narrowPeak.filt.gz;/mpg_L18015_3D_dex_S25_peaks.narrowPeak.filt.gz;/ngs/HiSeq_Berlin/20190924_Signe_PGoeke_ChIPseq/06_MASC2_callpeak/mpg_L18015_3D_dex_S25_peaks.narrowPeak.filt.gz;3D_dex_;3D;dex;/ngs/HiSeq_Berlin/20190924_Signe_PGoeke_ChIPseq/07_filter_CNV/mpg_L18015_3D_dex_S25.cutadapt.sorted.filtered.rmDups.noCNV.bam
./mpg_L18015_16E_dex_S23_peaks.narrowPeak.filt.gz;/mpg_L18015_16E_dex_S23_peaks.narrowPeak.filt.gz;/ngs/HiSeq_Berlin/20190924_Signe_PGoeke_ChIPseq/06_MASC2_callpeak/mpg_L18015_16E_dex_S23_peaks.narrowPeak.filt.gz;16E_dex;16E;dex;/ngs/HiSeq_Berlin/20190924_Signe_PGoeke_ChIPseq/07_filter_CNV/mpg_L18015_16E_dex_S23.cutadapt.sorted.filtered.rmDups.noCNV.bam
./mpg_L18015_14A_veh_S65_peaks.narrowPeak.filt.gz;/mpg_L18015_14A_veh_S65_peaks.narrowPeak.filt.gz;/ngs/HiSeq_Berlin/20190924_Signe_PGoeke_ChIPseq/06_MASC2_callpeak/mpg_L18015_14A_veh_S65_peaks.narrowPeak.filt.gz;14A_veh;14A;veh;/ngs/HiSeq_Berlin/20190924_Signe_PGoeke_ChIPseq/07_filter_CNV/mpg_L18015_14A_veh_S65.cutadapt.sorted.filtered.rmDups.noCNV.bam
./mpg_L18015_10B_dex_S47_peaks.narrowPeak.filt.gz;/mpg_L18015_10B_dex_S47_peaks.narrowPeak.filt.gz;/ngs/HiSeq_Berlin/20190924_Signe_PGoeke_ChIPseq/06_MASC2_callpeak/mpg_L18015_10B_dex_S47_peaks.narrowPeak.filt.gz;10B_dex;10B;dex;/ngs/HiSeq_Berlin/20190924_Signe_PGoeke_ChIPseq/07_filter_CNV/mpg_L18015_10B_dex_S47.cutadapt.sorted.filtered.rmDups.noCNV.bam
./mpg_L18015_12C_dex_S81_peaks.narrowPeak.filt.gz;/mpg_L18015_12C_dex_S81_peaks.narrowPeak.filt.gz;/ngs/HiSeq_Berlin/20190924_Signe_PGoeke_ChIPseq/06_MASC2_callpeak/mpg_L18015_12C_dex_S81_peaks.narrowPeak.filt.gz;12C_dex;12C;dex;/ngs/HiSeq_Berlin/20190924_Signe_PGoeke_ChIPseq/07_filter_CNV/mpg_L18015_12C_dex_S81.cutadapt.sorted.filtered.rmDups.noCNV.bam
./mpg_L18015_10A_veh_S77_peaks.narrowPeak.filt.gz;/mpg_L18015_10A_veh_S77_peaks.narrowPeak.filt.gz;/ngs/HiSeq_Berlin/20190924_Signe_PGoeke_ChIPseq/06_MASC2_callpeak/mpg_L18015_10A_veh_S77_peaks.narrowPeak.filt.gz;10A_veh;10A;veh;/ngs/HiSeq_Berlin/20190924_Signe_PGoeke_ChIPseq/07_filter_CNV/mpg_L18015_10A_veh_S77.cutadapt.sorted.filtered.rmDups.noCNV.bam